[
    {
        "uuid": "8030a37e-947b-11ee-b9d1-0242ac120002",
        "type": "radio",
        "label": "Le label de la question 1.",
        "choices": [
            "Answer 1",
            "Answer 2",
            "Answer 3"
        ],
        "correct": "Answer 2"
    },
    {
        "uuid": "8d7f7078-947b-11ee-b9d1-0242ac120002",
        "type": "radio",
        "label": "Le label de la question 2.",
        "choices": [
            "Answer 1",
            "Answer 2",
            "Answer 3"
        ],
        "correct": "Answer 3"
    },
    {
        "uuid": "8d7f72d2-947b-11ee-b9d1-0242ac120002",
        "type": "text",
        "label": "Quel est la dizaine dans le nombre 342",
        "correct": "4"
    }
]